Town,Median_Price,Avg_Price,Transaction_Count,Flip_Rate,Avg_Days_To_Sell,Avg_YoY_Growth,Recent_Momentum,score_growth,score_momentum,score_flip,score_days,Investment_Score,Rank
Ashford,167000.0,183319.31194039734,1510,0.04768211920529802,467.8847682119205,40.2553267659547,9.768221231599556,1.0,0.5235541003028099,0.582660487999435,0.36794737956227763,0.6788,1
Sterling,185000.0,198192.09013157894,1520,0.06776315789473684,462.26644736842104,15.953073763718619,13.401486010228366,0.374109258017079,0.6174014811739205,0.9999999999999999,0.5865356285294787,0.6041,2
Hampton,180000.0,191917.57434402333,686,0.033527696793002916,461.52623906705537,24.620778551451888,14.6213972266105,0.5973410785558632,0.6489118388076849,0.2884924505012624,0.6153344175224085,0.5537,3
Franklin,200000.0,225492.78897637795,635,0.04409448818897638,460.0992125984252,9.43641810234045,22.080677340781204,0.20627648766562656,0.8415853554796713,0.5080995949726608,0.6708547812924159,0.5269,4
Waterbury,125000.0,143484.7210197069,34049,0.05876824576345854,458.06287996710626,5.070675621324581,16.4123768000832,0.09383926628956883,0.6951729159393947,0.8130608532052704,0.7500810121527977,0.5165,5
Hartford,148000.0,187988.7256121259,20584,0.06456471045472212,457.22624368441507,4.48135150158841,12.732023239917979,0.07866155784680984,0.6001092298758859,0.9335274178582588,0.7826314600802213,0.5117,6
Eastford,190000.0,190493.31411229135,659,0.03186646433990895,456.55842185128984,22.812248225369167,5.912906203101783,0.5507634057949723,0.42397115221002224,0.25396744649047087,0.8086139571983431,0.492,7
Putnam,167000.0,186074.5364624768,3771,0.06337841421373641,452.4396711747547,4.445310936806409,6.359619001530532,0.07773335354283792,0.4355097624375884,0.9088729016274096,0.968859433274698,0.485,8
Meriden,158000.0,168428.0025276829,19326,0.06157508020283556,459.5103487529753,3.9136549927612854,13.131842756139628,0.06404085625596434,0.6104365846668893,0.8713946343065465,0.6937653128271037,0.4839,9
Cornwall,277700.0,359635.86689754686,693,0.046176046176046176,461.7128427128427,20.41385180286908,3.180231483728268,0.4889940662893042,0.3533860501567975,0.551360125862503,0.6080743543612321,0.4786,10
Sprague,168950.0,179577.69610091744,872,0.051605504587155966,456.6961009174312,6.930003766397458,11.975282928058444,0.14172520806633804,0.5805625960369927,0.6641992851691197,0.803257369914423,0.4771,11
Canterbury,182000.0,194779.2828040743,1669,0.050928699820251645,456.4619532654284,6.176209529182518,13.018615611762549,0.12231166503436076,0.6075119228019441,0.650133410614132,0.8123671959063437,0.4769,12
Killingly,167000.0,180048.676474729,7103,0.06447979726875967,460.20934816274814,3.9688920787520354,10.22873936640699,0.06546345607551785,0.5354493029452216,0.9317626870522465,0.6665698106001088,0.4699,13
Plainfield,168000.0,181835.50935904708,5289,0.05955757231990925,460.7133673662318,4.318926897326884,12.051856232757913,0.07447840429029905,0.5825404876932685,0.8294652416919811,0.6469602727676786,0.4638,14
Norwich,146187.0,160968.26737733645,13696,0.06089369158878505,460.6309871495327,2.9397260946977446,12.367708919433063,0.03895786989286826,0.5906989757726187,0.8572334947326191,0.6501653847253976,0.4598,15
Bridgeport,165000.0,193826.16779304933,39507,0.05201609841293948,456.0980838838687,4.7415908958831965,11.427402425593908,0.08536387584067497,0.5664108197918136,0.6727325602418409,0.8265240184131883,0.4583,16
New Britain,149900.0,167860.12619384006,17695,0.05815202034473015,458.82910426674204,3.99903916428513,11.040289367649924,0.06623987716417967,0.5564116733484432,0.8002539850192286,0.720270036126518,0.4582,17
Torrington,145000.0,160731.26173633442,15550,0.053247588424437296,459.6390996784566,3.9252879761021777,13.547141587485218,0.06434045714375182,0.6211637708135938,0.6983263279936242,0.6887560867366389,0.4518,18
West Haven,180000.0,199016.78537510306,14556,0.05990656773838967,463.2815333882935,3.9842815805990326,11.78821556708049,0.06585980396675568,0.5757306382954275,0.8367183315291943,0.547042356105969,0.4452,19
East Hartford,153000.0,162506.197942068,14845,0.06156955203772314,464.21407881441564,3.8947246221562093,10.894236584844013,0.06355331529822134,0.5526391238728597,0.8712797437490433,0.5107604353227764,0.4389,20
Windham,135000.0,145177.34573455615,5779,0.054853780930956914,464.86814327738364,4.075306822240655,14.713316591796266,0.06820410743627384,0.6512861198468101,0.7317074497182888,0.4853131869981695,0.4384,21
Salem,229000.0,243434.4352601156,1730,0.051445086705202314,461.4335260115607,8.756692234204873,8.429062179062184,0.18877053346816108,0.488963566084189,0.6608653579950284,0.6189415423238387,0.4378,22
Brooklyn,196000.0,205595.59074259075,3003,0.05028305028305028,464.014319014319,5.700151944995761,14.292155675920817,0.11005107197058882,0.6404075158120373,0.6367150278827286,0.5185323561748376,0.4358,23
Hartland,200000.0,208675.18511796734,551,0.02722323049001815,465.03629764065334,4.89455272820175,28.213638570090183,0.08930332107302101,1.0,0.15746820763202085,0.47877091772462776,0.4346,24
Ansonia,205000.0,210926.75582307254,5279,0.05910210267096041,461.2284523584012,3.3838443509954796,9.846814472668925,0.0503958836826504,0.525584166999825,0.8199993229233794,0.6269202057006886,0.4334,25
East Haven,184900.0,203232.17786446813,9946,0.05610295596219586,460.73577317514577,4.129041718080643,9.787707157879431,0.06958801920052755,0.5240574225918901,0.7576687610828615,0.6460885449554681,0.43,26
New Haven,185000.0,234878.02843428386,24583,0.058007566204287514,465.21490460887605,4.917421378191828,10.942129142226909,0.08989229018255669,0.5538761906289194,0.7972518285366309,0.47182197594564457,0.4278,27
Scotland,180000.0,189182.47619047618,525,0.0380952380952381,455.47809523809525,5.569055784934182,13.350210846879149,0.10667476472514521,0.6160770415645732,0.3834185889145999,0.8506455017236263,0.4264,28
Preston,183753.0,199000.66982749026,1797,0.038953811908736785,463.3789649415693,15.812447026106776,6.41849506576657,0.3704874961525138,0.43703053363407596,0.4012621268850961,0.5432516518692481,0.4225,29
Plainville,175000.0,201679.56858846918,6539,0.04847836060559719,457.98134271295305,3.9989194861156783,10.844604165623311,0.06623679492080617,0.5513571164129141,0.5992085860622244,0.7532533275308992,0.4214,30
Pomfret,216250.0,243406.52728613568,1356,0.045722713864306784,461.3473451327434,6.970357765658931,10.850151995445408,0.14276450242877503,0.551500417088765,0.5419386268712727,0.6222945240989759,0.4171,31
Wolcott,216500.0,235910.35071074378,5445,0.051423324150596875,460.05895316804407,3.9560673128645556,10.31490448018838,0.06513316150421479,0.5376749514304103,0.6604130719325702,0.6724211280064196,0.417,32
New London,160000.0,186845.33333333334,7164,0.04662199888330541,457.84519821328865,3.2747332874400215,11.721439776091522,0.04758579012790928,0.5740058168272062,0.5606282562665734,0.7585502104639161,0.4148,33
Derby,185000.0,205516.30972782258,3968,0.04485887096774194,458.03729838709677,4.002813218879932,11.862701028109768,0.06633707579964804,0.5776546008625633,0.5239855827846074,0.7510762975656178,0.414,34
Stratford,243500.0,259387.2672152224,19445,0.056261249678580615,460.5028027770635,3.2907921013293575,7.862556770841156,0.04799937577116785,0.4743307077459846,0.7609585422226944,0.6551525683169892,0.4096,35
Goshen,265000.0,328063.7343927355,1762,0.030079455164585697,460.6435868331441,13.405357861667458,9.944695130095845,0.30849428000867096,0.5281124284663414,0.21682845439430154,0.6496751772675324,0.4072,36
Plymouth,165000.0,177740.655308552,4116,0.043245869776482024,460.5636540330418,3.837894449516191,13.099867724867725,0.062089686435604946,0.6096106682746156,0.49046295776368254,0.6527850692256649,0.4006,37
Griswold,165500.0,185397.5585348895,4027,0.0494164390365036,460.4909361807797,4.095930968580357,8.950670713615438,0.06873527062736286,0.5024367363017241,0.6187044498284068,0.6556142540368199,0.3969,38
East Windsor,178000.0,206491.64484646512,4201,0.04641751963818139,461.1756724589383,3.682991515536854,11.271513195770082,0.05810024923096643,0.5623841944792203,0.556378612127439,0.6289736779258668,0.3947,39
Montville,190000.0,201141.75668232626,6173,0.05621253847399968,462.73141098331445,3.1233183882422457,7.795066527695998,0.04368618528067783,0.4725874319487503,0.759946188695411,0.5684456003441696,0.3943,40
Windsor Locks,178000.0,200538.3630189067,4866,0.041512535963830664,457.6863953966297,3.5780756126310354,11.018337820528167,0.05539819965928726,0.5558446639701112,0.45443948812680335,0.7647286453720454,0.3917,41
Manchester,176000.0,201562.53585239727,17791,0.05216120510370412,464.76139621156767,3.450124359978655,10.540248389188411,0.05210288772039526,0.5434955940049083,0.67574827852456,0.48946632364683396,0.3899,42
Sharon,300000.0,406905.2339851652,1483,0.033715441672285906,459.7963587322994,6.937431232539633,12.619402067817395,0.14191649824401625,0.5972002203001336,0.29239430824439683,0.6826377139752289,0.3897,43
Naugatuck,173000.0,188103.5031116018,10869,0.04793449259361487,462.5347318060539,3.4543846252774664,10.977845737137848,0.052212608436769656,0.5547987517661485,0.5879055048708719,0.5760976654652694,0.3887,44
Middletown,188000.0,218100.43800761877,13913,0.04966578020556314,461.8159275497736,3.2631245601954637,9.332960782088062,0.047286813942124986,0.5123113047257555,0.6238864487989925,0.6040637016008326,0.3856,45
Windsor,213500.0,229572.6595308819,9763,0.047321520024582606,460.9485813786746,3.641709127738808,9.47938355920138,0.05703704474834631,0.5160934111697415,0.5751662398962868,0.6378089586037845,0.3855,46
Salisbury,380000.0,506336.16073546855,1686,0.04329774614472123,461.4744958481613,6.750069722050685,8.199791194946735,0.1370911088116793,0.48304148699555804,0.4915410921440868,0.6173475563104951,0.3838,47
Norfolk,225000.0,308017.3302990897,769,0.02340702210663199,452.7139141742523,10.59832779589016,7.545515498024236,0.2362008127949083,0.46614151843698526,0.078156844856127,0.958189644431819,0.3819,48
Winchester,150000.0,186856.70455647114,4126,0.043383422200678624,460.844886088221,4.206594690941053,10.33466612451432,0.07158535202897424,0.5381853955281278,0.4933216774980803,0.6418433618708441,0.3815,49
Seymour,220000.0,241244.63720205208,5068,0.04479084451460142,461.181136543015,3.8725372225901333,10.147498663164573,0.06298189140695475,0.5333508521897814,0.5225718049817827,0.6287610904635628,0.3809,50
Lisbon,185000.0,200308.53177626606,1323,0.04686318972033258,459.56991685563116,3.726728743174501,7.988090687345273,0.0592266767212853,0.4775732540486106,0.56564086880025,0.6914477365233367,0.3808,51
Morris,260000.0,325327.28678839956,931,0.031149301825993556,459.90977443609023,9.319997356318074,9.922964612451693,0.20327813738495726,0.5275511282886411,0.2390628263554596,0.6782251250918954,0.379,52
Hebron,262000.0,271144.907376221,2969,0.05321657123610643,467.5964971370832,3.7925531647045054,10.02200839323207,0.060921947362580164,0.5301094332799219,0.6976817050514631,0.37916294934403894,0.3768,53
Bridgewater,410000.0,512076.9299161074,596,0.031879194630872486,456.3942953020134,7.623143046417091,8.099494998981886,0.15957661707887194,0.48045083206779116,0.25423201713845933,0.8149995190084844,0.3731,54
Southbury,236000.0,284384.21629549155,9205,0.04953829440521456,466.4437805540467,3.409443377189479,10.95151492081092,0.05105517208266534,0.5541186256814723,0.6212369413443576,0.42401092197859214,0.372,55
Bozrah,195000.0,220506.3867313916,618,0.032362459546925564,463.7799352750809,7.05636074591943,13.813293295851437,0.14497946040501836,0.6280384805488881,0.26427559841688475,0.5276513674548227,0.3712,56
Voluntown,190000.0,213331.11837655018,887,0.04735062006764374,459.79819616685455,5.175761285640208,4.843437606915121,0.09654568797006997,0.3963467337348292,0.5757710192584578,0.6825662261387038,0.3702,57
Ledyard,220000.0,229159.73110012815,5463,0.05088779059125023,468.0446641039722,3.497069076726168,10.672178052974136,0.05331192227347045,0.5469033427267532,0.6492832037133928,0.3617264171013943,0.3668,58
Thompson,170000.0,192237.1978877154,3598,0.048082267926625906,463.2540300166759,4.500162994296088,7.325382462970281,0.07914603717173214,0.46045547295399714,0.5909766849187935,0.5481124113787175,0.3662,59
East Hampton,220000.0,238466.17532328717,5707,0.04923777816716313,465.86612931487645,4.0038881365703896,8.939864451292244,0.06636475969507903,0.5021576100949023,0.614991382930958,0.4464852121448537,0.3638,60
Woodstock,200000.0,225677.53118480725,3528,0.03599773242630386,463.7791950113379,6.079693841620889,11.921313447947213,0.11982595824432028,0.5791685621132316,0.3398266210971276,0.5276801684008454,0.3628,61
North Haven,275000.0,307881.97302605736,7637,0.04700798742961896,462.70813146523506,2.9503091811705726,8.819072591437735,0.03923043128231385,0.49903755131345173,0.5686501655934562,0.5693513209741461,0.3626,62
Cromwell,189000.0,239293.34625644673,5623,0.050506846878890274,466.98666192423974,4.380495638075053,8.476071436961414,0.07606407228685393,0.49017781717771985,0.641366139986027,0.4028893998347094,0.3624,63
Coventry,200000.0,218952.35264588997,4781,0.0527086383601757,466.25099351600085,3.864942744546144,6.994087140103417,0.06278629993247344,0.451898100937296,0.6871254553550038,0.43151155824410026,0.3597,64
Beacon Falls,238950.0,256468.87297811607,2102,0.0461465271170314,464.8477640342531,5.764892892653349,7.2271200586948465,0.11171843835683941,0.45791735095045083,0.5507466381901537,0.48610606857173266,0.3595,65
Lebanon,190000.0,199936.57153846155,2600,0.043076923076923075,463.78846153846155,4.3609213886849245,9.638178415470989,0.07555994859620603,0.5201950889346996,0.48695177817588964,0.527319641831717,0.359,66
Milford,270000.0,308935.88299218344,19190,0.05002605523710266,466.1148514851485,3.274140220077019,8.82796385166037,0.04757051601435934,0.4992672129360909,0.6313739601859291,0.43680834512469957,0.3582,67
Essex,340000.0,434906.33743502054,2924,0.04240766073871409,461.6665526675787,3.705594776837491,8.976047355648989,0.0586823834053324,0.5030922160245785,0.47304265614549423,0.6098753301724642,0.3576,68
Vernon,170000.0,186122.45963060687,9475,0.04496042216358839,464.2581530343008,3.3581690313198593,9.52087877880421,0.04973463038728951,0.5171652344239406,0.5260960974433896,0.5090456691466088,0.3541,69
Westbrook,290000.0,344170.3743783784,2775,0.036756756756756756,463.07027027027027,4.661887483092494,11.285863995468144,0.08331115965154001,0.5627548762343708,0.3556012455359703,0.5552618288499431,0.3524,70
Hamden,205000.0,226233.74197715882,19351,0.04526897834737223,466.38835202315124,3.3073683744217255,10.521241592774889,0.04842628828270079,0.5430046476602731,0.532508748161145,0.42616744273430385,0.3503,71
Tolland,260000.0,289618.1308314327,4823,0.04665146174580137,468.9709724238026,3.5223633490542854,11.391096672268976,0.053963361910524144,0.5654730406681618,0.5612405760198673,0.3256871592384769,0.3496,72
Sherman,390500.0,458678.46465968585,1528,0.024869109947643978,454.1714659685864,4.051286830312265,11.274748774725083,0.06758548616815106,0.5624677696186691,0.10854307315371081,0.9014816522438807,0.3493,73
Stonington,292000.0,360839.2351119245,7103,0.036885822891735885,461.0466000281571,3.7309317158649806,10.1917894766732,0.05933492189902813,0.5344948857512452,0.358283596714165,0.6339954126078666,0.3479,74
Bristol,174475.0,193735.2686033403,19160,0.038100208768267224,464.01920668058455,4.441802385920362,10.844441940202532,0.07764299280479645,0.5513529261235247,0.3835218932450368,0.5183421950145402,0.347,75
Wallingford,230000.0,254509.90916841573,13817,0.04385901425779837,463.8339002677861,3.1375620437489222,9.036707073706317,0.04405302254933775,0.5046590590737132,0.5032057955509023,0.5255517875999978,0.3463,76
New Hartford,210000.0,242009.25613170344,2536,0.050473186119873815,463.84818611987384,3.530970061601953,4.891996166516921,0.054185022910514455,0.3976010033559997,0.6406665763350249,0.5249959775137008,0.3451,77
Middlefield,240000.0,267724.52655889146,1299,0.03695150115473441,460.18090839107003,3.340074862933569,9.603982492009102,0.04926862534340254,0.5193118068044668,0.35964857263263006,0.6676762977633217,0.3451,77
Prospect,262000.0,269544.34531886026,2948,0.03629579375848033,462.6987788331072,4.195219263030237,10.788492450100401,0.07129238433520452,0.5499077484590604,0.3460211597781464,0.5697151975730463,0.3446,79
Canaan,205000.0,287244.3607678245,547,0.03656307129798903,455.16087751371117,7.686985452911642,0.8467981122510633,0.1612208420471155,0.29311336878260214,0.3515759261242688,0.8629872794266049,0.3441,80
Thomaston,172000.0,193295.8200378072,2645,0.04120982986767486,461.668809073724,3.6667247241021266,7.872046108817512,0.05768130724398991,0.474575817741964,0.4481484184066049,0.6097875416886787,0.3437,81
Old Saybrook,350000.0,400590.36486197304,4673,0.0342392467365718,463.69077680291036,3.92718813398427,12.562679714174877,0.06438939463224715,0.5957350795381646,0.3032804259046087,0.5311201964617851,0.3416,82
West Hartford,290000.0,332119.6861406653,22877,0.048520347947720414,470.79988634873456,3.369405804101242,10.710764431533576,0.05002402709684503,0.5479000304953974,0.6000811991348304,0.25453082917143277,0.3401,83
Waterford,225000.0,253510.68836344316,7528,0.04117959617428268,465.44168437832093,3.472229413761335,9.76595444127934,0.0526721908427165,0.5234955490142312,0.447520078655788,0.46299880722940756,0.3344,84
Groton,210000.0,270304.06409281096,10516,0.04478889311525295,463.738398630658,3.226796641182013,6.813839387262305,0.046351208992907636,0.4472422939585308,0.5225312495073172,0.5292674058807663,0.3343,85
Wethersfield,233000.0,251304.67449158328,8792,0.04151501364877161,464.60816651501364,3.50204360964024,8.812402222634091,0.053440038547147656,0.4988652554088569,0.45449098127116383,0.49542792890088094,0.3336,86
Enfield,184000.0,198320.047305492,12236,0.04707420725727362,467.9276724419745,3.2191066886349127,8.618054665746678,0.04615315862675125,0.49384524990310175,0.5700263967230088,0.36627813339745074,0.3333,87
North Stonington,218000.0,247271.0211886305,1935,0.04237726098191214,466.1457364341085,3.187460360564625,9.615843366912662,0.04533812539690524,0.519618173698255,0.47241086513782427,0.4356067250854281,0.3316,88
New Milford,265000.0,298078.8262411071,10261,0.04161387778968911,465.0607153298899,2.937822986154923,8.942076594646803,0.03890885641177945,0.5022147498500773,0.4565456514982854,0.4778209150311703,0.3273,89
Rocky Hill,217500.0,252939.9360425738,6201,0.03531688437348815,462.29833897758425,3.9435257472055025,8.993845700839382,0.06481016059416543,0.503551948023684,0.3256767158804177,0.5852948430353955,0.3267,90
Kent,275000.0,383234.43563636363,1375,0.028363636363636365,451.6392727272727,3.8549766514307677,4.682895639152399,0.06252962885699415,0.39219992800708603,0.1811689951330535,1.0,0.3258,91
Roxbury,500000.0,594544.8834745763,944,0.036016949152542374,460.6896186440678,6.07300854383343,4.7691033786193735,0.1196537821916644,0.3944266775155124,0.3402259978064035,0.6478842484069567,0.3254,92
Harwinton,237000.0,256976.99413489737,1705,0.025806451612903226,457.66979472140764,4.192901714484662,9.947061415874455,0.07123269718691262,0.528173549726763,0.1280236248924428,0.7653745167328196,0.3238,93
Bethany,300000.0,312911.8973932335,1803,0.028840820854132,462.3671658347199,6.680566775912307,8.710006973966689,0.13530109985553251,0.49622038186217626,0.19108620835481893,0.5826170425675521,0.3218,94
Clinton,245000.0,286610.2855503469,5333,0.04387774235889743,467.0525032814551,3.7266783394955345,7.608777218152219,0.05922537860312217,0.4677755713082029,0.5035950172786354,0.4003277542142065,0.3218,94
Bloomfield,210000.0,252533.66890859065,6542,0.036380311831244266,464.4529195964537,3.9104202116440674,9.257540835580969,0.0639575463030385,0.5103632043597257,0.347777679039328,0.5014680168614767,0.3203,96
Colchester,240000.0,250548.31724137932,4930,0.03975659229208925,468.8316430020284,3.431129502138121,11.229979396004788,0.05161368593047981,0.5613113746978144,0.4179461230973113,0.3311079558044945,0.3197,97
Bolton,245000.0,265061.29161290324,1550,0.03612903225806452,464.4967741935484,4.115271325631761,8.989838595720771,0.06923337055348919,0.5034484443312284,0.3425553946710548,0.4997617954022324,0.3187,98
Deep River,228500.0,273916.97543160693,1506,0.034528552456839307,462.33067729083666,3.137318770936952,9.288284928523405,0.04404675719604832,0.5111573255635743,0.30929299875916494,0.5840366779242672,0.3182,99
Suffield,256200.0,298315.0320186213,5048,0.0384310618066561,467.12143423137877,3.5624966052431306,10.243277826806924,0.05499697116032974,0.5358248319841339,0.390397934256687,0.3976459038779261,0.3177,100
Chester,290000.0,331547.03117101936,1187,0.037910699241786014,460.7582139848357,3.974202846511579,5.0226434909154705,0.06560023188692982,0.4009756291979537,0.37958336125352576,0.6452154553914937,0.316,101
Branford,235000.0,302101.00978856697,10216,0.041992952231793265,467.04395066562256,3.347182089071176,8.270106841703795,0.04945166792140129,0.4848577430860098,0.4644238666208347,0.40066050511451934,0.3157,102
Easton,610000.0,645447.8678534226,2688,0.03720238095238095,467.5706845238095,2.9691539112131675,11.462903427213185,0.03971576661594495,0.5673278121453209,0.364862548559865,0.38016722341345144,0.3141,103
Newtown,405000.0,442223.4975366762,9134,0.04412086708999343,470.2954893803372,2.8378778884516125,9.539141414141417,0.03633482710868048,0.517636959056916,0.508647821478661,0.2741550644505395,0.3109,104
Southington,244900.0,268089.40868158155,14214,0.037709300689461094,466.3125087941466,3.3587303167591176,9.305818580580478,0.049749085975419924,0.5116102205279988,0.3753977424294801,0.42911822448670733,0.3103,105
Woodbridge,405000.0,455303.33550154057,2921,0.04279356384799726,475.23587812393015,3.408863871628747,13.089260626601302,0.0510402472456407,0.6093366864836927,0.4810627898546356,0.08194266598476929,0.3092,106
Portland,225000.0,245532.2074776198,3798,0.037914691943127965,467.2143233280674,2.8029598592362226,9.942091176040837,0.0354355330715313,0.5280451682244212,0.3796663406280184,0.39403192995958136,0.3059,107
Shelton,315000.0,338076.4159337769,12926,0.03342101191397184,462.89238743617517,2.962912278953493,8.900375939849624,0.03955501691731278,0.501137620196234,0.2862752437102569,0.5621825972270571,0.3058,108
South Windsor,239900.0,269564.54757611116,9427,0.0338389731621937,467.4996287259998,3.5779843378348826,11.254979419540039,0.05539584892868285,0.5619571263491392,0.2949616341936234,0.3829317437843649,0.3044,109
Stamford,438000.0,506632.4241121846,37260,0.04151905528717123,463.26647879763823,2.7372640587906063,4.834396560716192,0.03374357499331175,0.3961132031341708,0.45457497769303556,0.5476280749892304,0.3037,110
Litchfield,279900.0,351559.3995350382,3011,0.04151444702756559,463.9857190302225,2.398609394572871,5.715132247705642,0.025021716199243864,0.41886264268778134,0.4544792053156834,0.5196450766153902,0.3033,111
Columbia,231500.0,249526.004806939,1787,0.03917179630665921,468.2193620593173,4.093298302063863,8.182155796295966,0.06866746779446292,0.48258596391237196,0.40579244544379334,0.3549295606703069,0.3032,112
Bethel,325000.0,344226.8196354333,6254,0.04013431403901503,465.8458586504637,2.6338974265931214,7.552687919577172,0.03108142600998881,0.4663267823850481,0.425796225473585,0.44727386931890933,0.303,113
Marlborough,265000.0,299021.99818181817,1925,0.026493506493506493,463.6451948051948,4.113496228947849,11.474197700004158,0.06918765394521906,0.5676195436828932,0.14230252515368158,0.5328936247409111,0.3029,114
Orange,372500.0,418028.1566820277,3906,0.040706605222734255,468.07428278688525,2.288082970705537,9.160411921483025,0.022175170842454135,0.5078543604547716,0.43769001876930824,0.36057406282775517,0.3017,115
Danbury,285000.0,308435.4041484485,22688,0.030941466854724965,462.96592912552893,4.471584540534367,7.835011056715146,0.07841001530462369,0.47361920080045283,0.2347434409477962,0.5593213599375346,0.3004,116
North Canaan,163500.0,193616.8036971831,1136,0.029049295774647887,459.94894366197184,3.2247833654856946,7.613231990626282,0.04629935821926666,0.4678906382671338,0.19541889367742704,0.676701194234731,0.2972,117
North Branford,265000.0,283228.5645278023,3399,0.0341276846131215,466.72962636069434,3.219904761807652,9.915788091520508,0.04617371254865292,0.527365758453467,0.30096185648802865,0.4128897104831637,0.2965,118
Killingworth,320000.0,330980.6673031026,2095,0.03914081145584725,460.9618138424821,2.3168464649978455,3.7895123344030557,0.02291595832347402,0.36912379995887235,0.40514849456469504,0.6372941319903234,0.2954,119
Watertown,215000.0,239327.32791327912,6642,0.03387533875338753,462.94052996085514,2.966223053039634,7.279174725983236,0.039640284026050465,0.4592619251790805,0.295717411736666,0.5603095482389726,0.2948,120
Farmington,275000.0,351169.3915620135,9635,0.029475869226777373,467.9179034769071,4.058908616780893,12.116093450970366,0.06778178095561976,0.5841997377207216,0.20428426957243717,0.36665820798339865,0.2948,120
East Granby,250000.0,267523.13488597766,2061,0.033964095099466275,466.21931101407085,2.8528510180134226,9.737199514714248,0.036720451567877135,0.5227528080609299,0.2975620140369911,0.43274420814300996,0.2941,122
East Haddam,232250.0,248220.9978425027,3708,0.03856526429341963,466.0393743257821,4.382368194105068,5.217873319025223,0.0761122989053046,0.4060184238062047,0.39318703302798774,0.4397448844506826,0.293,123
Haddam,260000.0,281110.49605167395,2748,0.030203784570596796,461.8533478893741,4.428733091636824,6.288320500362329,0.0773064005433479,0.43366811917667614,0.21941236324655033,0.6026078134917547,0.2914,124
Warren,325000.0,443081.5869506727,669,0.026905829596412557,459.5575485799701,6.390985518394483,4.006486872518569,0.12784309881688388,0.3747282613341164,0.15087173938680176,0.6919289407469478,0.2911,125
Ellington,235000.0,261334.52341331268,5168,0.040054179566563465,469.09636222910217,3.4364811235829444,7.4400818266726985,0.0517515139053842,0.46341816230556077,0.4241308095484143,0.32080870200147515,0.2901,126
Newington,207500.0,228813.04810836058,10705,0.03549743110695937,464.9168612797758,3.1746106660176414,6.887386250372152,0.045007188802116044,0.4491420125022341,0.32942897624929013,0.48341774828387685,0.2889,127
Somers,265000.0,283309.12068236095,2931,0.028659160696008188,465.4933469805527,3.7829466016339164,10.205227169662095,0.06067453577948112,0.5348419819219883,0.18731080794282684,0.46098880493984495,0.2883,128
Willington,209900.0,218708.1015678255,1467,0.025221540558963872,468.4001363326517,4.915767802073575,12.772694445618452,0.0898497032675294,0.6011597688165957,0.11586755579711416,0.3478962970018209,0.2872,129
Old Lyme,335000.0,390174.7088846881,3703,0.028085336213880638,464.86038347285984,4.126402398622394,9.284162748260588,0.06952004502488626,0.5110508494753411,0.17538514846630593,0.4856150925194882,0.2856,130
Barkhamsted,220000.0,229432.225177665,1182,0.04230118443316413,466.76480541455163,3.1518592740330513,3.971958960825861,0.04442123960600369,0.37383640393402556,0.4708297840881731,0.41152102257850487,0.2836,131
Trumbull,390000.0,418730.56035105785,10682,0.035948324283841974,469.1264744429882,2.678006146033662,9.700214184454104,0.03221742106098331,0.5217974754366785,0.33879978327350735,0.3196371462485672,0.2835,132
Burlington,300000.0,319528.3631381598,3467,0.03663109316411883,465.860974906259,2.6429523292659547,6.730850744852961,0.031314629892442075,0.4450986938614563,0.3529896085963268,0.4466857512713176,0.2821,133
Simsbury,305321.0,340144.23788099573,8235,0.03958712811171827,472.50856102003644,2.7966022265984343,9.784664051113147,0.03527179584895551,0.5239788190171089,0.4144241888273079,0.1880525672746174,0.2806,134
Guilford,359400.0,409661.34269562975,7757,0.036483176485754804,468.22237978599975,3.330080655525588,7.478072376231586,0.049011230200263475,0.46439945978625286,0.3499154910011222,0.35481215199790483,0.2797,135
Durham,285000.0,302009.49029345374,2215,0.028893905191873587,466.9367945823928,2.574484341799328,11.44666090229849,0.02955127570986396,0.566908267048871,0.19218944768175672,0.4048295551299681,0.2796,136
Middlebury,330000.0,363927.34663162153,2473,0.0303275374039628,467.71168621107967,4.048360325979483,9.53500196895557,0.06751011570895567,0.5175300370150002,0.2219842893248969,0.3746813651329539,0.2795,137
Madison,420000.0,500524.70235741447,6575,0.03452471482889734,471.8774144486692,2.535804395934652,12.119576719576722,0.028555095643148592,0.5842897106942027,0.30921324223873237,0.2126081645286355,0.279,138
New Fairfield,335000.0,381576.05906908785,4791,0.03464829889375913,462.6516384888332,2.827841688322131,4.540749585984971,0.03607635046681719,0.3885282895211171,0.3117816608408833,0.5715492553987893,0.2773,139
Cheshire,296000.0,331439.53625960415,8590,0.032363213038416765,467.31222351571597,3.0056519710446756,9.072404567077319,0.04065575344542853,0.5055811268173684,0.2642912580536245,0.3902229928789538,0.2773,139
Brookfield,350000.0,395912.48015936255,6275,0.032828685258964145,468.31346613545816,2.672401198321456,9.820031298904535,0.032073068811747596,0.5248923565036595,0.27396505791912806,0.35126831635954403,0.2762,141
Granby,279000.0,302206.19098822324,3906,0.03891449052739376,470.94137224782384,2.1201912900247923,9.15084477592696,0.017851215833658764,0.5076072406857609,0.40044491984941033,0.2490261319857474,0.276,142
Monroe,360000.0,390617.2844802555,6888,0.03339140534262486,466.13443670150986,2.1105863606898745,8.475716077997742,0.01760384632649529,0.4901686382408568,0.28565993728965533,0.43604635621924004,0.2758,143
Westport,900000.0,982214.6770291929,8735,0.04705208929593589,473.25804235832857,2.487133874802641,5.9846538257574515,0.027301613977016373,0.4258243962977004,0.5695667243258838,0.15889299844002025,0.2751,144
Berlin,252000.0,272069.34683027887,6275,0.027091633466135457,462.4787250996016,1.9715003039591976,9.135766088050701,0.01402176382415972,0.5072177575485881,0.15473325758400303,0.5782766809104274,0.2748,145
Canton,270475.0,316277.6165635256,4266,0.036333802156586964,466.12001875293015,3.9244368258258504,4.437871019530923,0.06431853625115226,0.38587093185583554,0.34681107939152234,0.4366073056953397,0.2731,146
Norwalk,392000.0,460193.32925751846,27233,0.027980758638416627,464.2706275474608,3.072427524783087,8.337101279132252,0.04237551995727454,0.4865882122008886,0.17321173727053418,0.5085603316117258,0.2717,147
Oxford,359950.0,353911.85383038415,4634,0.03107466551575313,465.4874838152784,3.2481867043442803,7.377178481106617,0.046902097937338474,0.4617933662642343,0.23751167744453971,0.4612169191872191,0.2716,148
Stafford,137544.5,150313.15683482506,4916,0.04048006509357201,469.33787632221316,4.512806919894549,3.6860595723437917,0.07947167430396306,0.3664516107971432,0.43298188845716246,0.31141227481538536,0.2711,149
Fairfield,540000.0,631849.7861988369,18055,0.04685682636388812,477.1722514538909,3.431891791846115,7.2382652702908565,0.051633318269543135,0.45820523223113596,0.565508620657398,0.006605484764044434,0.2696,150
Avon,355000.0,423179.27314186585,7782,0.03777949113338473,470.71446928810076,1.532451879496774,9.412921762370452,0.002714320677718339,0.5143767001837272,0.3768564939446396,0.25785409358369193,0.2693,151
East Lyme,280000.0,323463.8237982653,7148,0.030358142137660884,467.72971460548405,3.726728743174501,8.567909877332625,0.0592266767212853,0.49255000792550746,0.22262034031927025,0.37397994645746024,0.2691,152
Lyme,377000.0,479115.1524090462,1017,0.025565388397246803,459.02949852507373,6.799322112563739,0.6304239578887442,0.13835957619368755,0.2875244153447609,0.12301366468374852,0.7124734308325209,0.2662,153
Woodbury,270000.0,317860.531779076,3766,0.0323951141795008,462.5292087095061,3.921515168812347,2.9064644121263754,0.06424329063191551,0.3463146352712885,0.26495425197830014,0.5763125488862961,0.2658,154
Glastonbury,305500.0,356487.53726063215,13003,0.033223102360993614,470.5426440052296,3.3188028041278916,8.153439153439152,0.04872077553424432,0.4818442118288532,0.2821621359404072,0.26453918486938477,0.2577,155
Chaplin,165000.0,171847.9498525074,678,0.04277286135693215,467.7684365781711,3.344443363564475,0.6906885114589182,0.04938113359936461,0.28908105127869965,0.4806325348438302,0.3724734165810091,0.256,156
Bethlehem,270000.0,306681.18860510807,1018,0.019646365422396856,463.1483300589391,4.422227841556649,7.8416499733657465,0.07713886151727116,0.4737906842946219,0.0,0.5522248088941311,0.252,157
Redding,570000.0,609639.7517543241,2833,0.029650547123190964,470.63713378044474,1.4270595108061503,10.574057704151679,0.0,0.5443688900214861,0.20791455927875968,0.26086293442286745,0.244,158
Andover,220000.0,228151.99360856268,981,0.03567787971457696,472.6401630988787,4.456674912478634,4.688736781912365,0.07802602629069837,0.3923508049683638,0.33317919729158685,0.1829324132684853,0.2391,159
Mansfield,200000.0,213944.82830676434,4642,0.027574321413183972,470.62106850495474,3.0455745534106056,5.778935440125212,0.04168393691041784,0.4205106818108898,0.1647648478510806,0.2614879753445898,0.2129,160
Ridgefield,625000.0,684659.3922196797,8740,0.02688787185354691,475.495881006865,2.6598640827857785,9.762044350477355,0.03175018251210168,0.5233945512056232,0.1504985278333515,0.07182690782672552,0.209,161
Weston,800000.0,865869.4316505956,3526,0.030346001134429947,477.34203062960864,2.1155067096243694,9.899283899283903,0.017730567122511302,0.526939454479171,0.22236801669986195,0.0,0.2088,162
Colebrook,200000.0,225449.54358161648,631,0.03645007923930269,458.8732171156894,1.8542043796104846,-10.500971735536952,0.011000873822091445,0.0,0.34922763869943063,0.7185537670352815,0.1815,163
Wilton,760000.0,813190.2600727903,5770,0.025649913344887348,476.37313691507796,2.847055279326894,7.040293252149706,0.036571185605313236,0.45309160673992505,0.12477032682387634,0.03769609931402229,0.1793,164
Washington,424170.0,576691.8515673018,1627,0.024585125998770743,459.54148740012295,2.570994740650087,-6.907010247304934,0.029461403011545748,0.0928321752397864,0.10264110142447547,0.6925538223222318,0.1626,165
Greenwich,870000.0,965761.4986929974,12938,0.020405008502086874,469.7355078064616,2.4599425091221976,2.9771353028899545,0.026601315776693307,0.3481400673292552,0.015766700993756544,0.29594189277469596,0.1613,166
New Canaan,1050000.0,1071115.113582062,5441,0.02591435397904797,472.75078110641425,2.0532042081843267,2.744001784778453,0.0161260015355218,0.3421182188262982,0.13026613443226243,0.17862867248098624,0.1611,167
Darien,1000000.0,1055277.9735039654,5548,0.03586878154289834,477.0939077144917,2.707982239106093,-1.6043275059493025,0.03298943833580663,0.22980069176350537,0.3371466651653259,0.009653552200887816,0.1494,168
